trial,val_mae,val_mse,val_high_mae,val_high_mse,combined_score,status,param_asymmetric_alpha,param_high_value_threshold,param_high_activity_ratio,param_weight_power
19,0.006330798025287333,6.280608327610285e-05,0.005667272966093151,5.127144556145898e-05,0.0058663304838514055,success,6.0,0.35,0.4,2.5
12,0.010336049255870637,0.00014794342063223232,0.006797906350887691,7.219674987624103e-05,0.007859349222382574,success,6.0,0.3,0.4,3.5
10,0.010913281701505184,0.00016401641048668396,0.007620563999807928,9.466802013946563e-05,0.008608379310317105,success,6.0,0.3,0.4,2.5
39,0.009786474917616163,0.00014490856154311804,0.009642010929383105,0.00017762200023222854,0.009685350125853021,success,10.0,0.3,0.4,3.5
47,0.01044633931347302,0.00016783617389765348,0.009678244886648221,0.00018562404970623447,0.00990867321469566,success,10.0,0.35,0.4,3.0
2,0.009991310714256196,0.0001375929437234022,0.010145952720146548,0.0001489680364935945,0.010099560118379442,success,6.0,0.25,0.4,3.0
20,0.011865360484946342,0.00018719547369983047,0.010470992638147436,0.00015149079025652176,0.010889302992187107,success,6.0,0.35,0.4,3.0
11,0.01161437894084624,0.00018444937623349862,0.013231977262573006,0.00025047377088564343,0.012746697766054974,success,6.0,0.3,0.4,3.0
1,0.01096032653003931,0.0001920641547517984,0.01352650796858749,0.00025118425133996425,0.012756653537023037,success,6.0,0.25,0.4,2.5
3,0.011524654570079985,0.00019591512474497513,0.013437109043782888,0.0002633989149671834,0.012863372701672017,success,6.0,0.25,0.4,3.5
48,0.013745150262756007,0.0002971770636144183,0.014311377468402497,0.00034144676995614037,0.01414150930670855,success,10.0,0.35,0.4,3.5
30,0.00965550568486963,0.00014646434907003174,0.016924447683171213,0.0004207838613012882,0.014743765083680738,success,10.0,0.25,0.4,3.5
38,0.012315183390109312,0.00023473694593468237,0.016000489427824505,0.0004257783254312623,0.014894897616509944,success,10.0,0.3,0.4,3.0
29,0.00948096802901654,0.00014254053253569596,0.018101471175517265,0.000524576940051702,0.015515320231567046,success,10.0,0.25,0.4,3.0
55,0.01458239502140454,0.0003357219109256264,0.01847818639119699,0.0006544702648246433,0.017309448980259254,success,14.0,0.25,0.4,2.5
65,0.01726907296549706,0.00048335497766467076,0.01773499283444835,0.00047370571500475006,0.01759521687376296,success,14.0,0.3,0.4,3.0
28,0.014215316046916303,0.00032064709064018516,0.019859793382541586,0.000692619137832177,0.018166450181853998,success,10.0,0.25,0.4,2.5
37,0.014707993760350205,0.00034418126008295945,0.02141102413588669,0.0007351431347236334,0.019400115023225743,success,10.0,0.3,0.4,2.5
24,0.019593712740710804,0.000675492664976489,0.02163757297967095,0.0007988485907427881,0.021024414907982902,success,6.0,0.35,0.5,3.5
46,0.015850103149811428,0.00039634334998914884,0.023829190834173158,0.0008636863901377486,0.021435464528864637,success,10.0,0.35,0.4,2.5
15,0.0190937127918005,0.0005715385805593715,0.023273689323104918,0.00082305723196896,0.02201969636371359,success,6.0,0.3,0.5,3.5
64,0.017153118470949785,0.0004622844336110921,0.02442988590094804,0.001004731972850929,0.022246855671948562,success,14.0,0.3,0.4,2.5
56,0.019118253274687698,0.0006141736840141849,0.028321334742940962,0.0014253790670106052,0.025560410302464982,success,14.0,0.25,0.4,3.0
57,0.01790008813674961,0.0005008644809658151,0.02969560511216211,0.0016462479680588633,0.02615695001953836,success,14.0,0.25,0.4,3.5
5,0.022327851504087448,0.0007933663021373961,0.02903506835961404,0.0013303971175749514,0.02702290330295606,success,6.0,0.25,0.5,3.0
13,0.024337521000277428,0.0009573084950846221,0.030618678691098467,0.0014542543570617756,0.028734331383852153,success,6.0,0.3,0.5,2.5
66,0.01896000684549411,0.0005682378971306164,0.03591404457013899,0.0021304667022074377,0.030827833252745525,success,14.0,0.3,0.4,3.5
51,0.02537846254805724,0.0010544773540459573,0.03712218317377847,0.0020071348521923937,0.0335990669860621,success,10.0,0.35,0.5,3.5
22,0.028636170107693898,0.001357749797448161,0.037894181781060375,0.0023362874646106016,0.03511677827905043,success,6.0,0.35,0.5,2.5
49,0.024030552999604316,0.0009231763764373248,0.04259738532709889,0.00319185687673477,0.037027335628850515,success,10.0,0.35,0.5,2.5
41,0.02866446271183945,0.0013608370763471438,0.04385917147737928,0.003485015783326162,0.03930075884771733,success,10.0,0.3,0.5,3.0
21,0.035813793628698305,0.0020866358564013525,0.045045016158837825,0.0031781451951170916,0.04227564939979597,success,6.0,0.35,0.4,3.5
42,0.03346086869991961,0.0018315243678877042,0.04622111760545522,0.003401607514509427,0.042393042933794534,success,10.0,0.3,0.5,3.5
50,0.03234071949762957,0.0017113470904795186,0.051825547425930076,0.004542320359481285,0.045980099047439923,success,10.0,0.35,0.5,3.0
4,0.03982967652735256,0.0028063870101634946,0.048959964459451534,0.0037040270023377766,0.046220878079821844,success,6.0,0.25,0.5,2.5
17,0.04003019613169488,0.002666646958373132,0.05052508997808521,0.003951233977052955,0.04737662182416811,success,6.0,0.3,0.6,3.0
27,0.04314883496789705,0.0031006033532321453,0.05462320942509299,0.005141621171484682,0.051180897087934205,success,6.0,0.35,0.6,3.5
32,0.038417793810367584,0.0023598408304332267,0.05857192288385704,0.005616768566724772,0.0525256841618102,success,10.0,0.25,0.5,3.0
14,0.04473539566000303,0.0032628416859855256,0.05771538084566904,0.005521474570286955,0.053821385289969235,success,6.0,0.3,0.5,3.0
8,0.05072516327102979,0.004159099289349147,0.05543093493906781,0.00492987252603901,0.054019203438656405,success,6.0,0.25,0.6,3.0
33,0.04831315754424958,0.003702921582208503,0.06025698707283785,0.005647268198382942,0.05667383821426137,success,10.0,0.25,0.5,3.5
58,0.04813373514584133,0.003817323839203233,0.06616001529619098,0.006501103795017116,0.060752131251086076,success,14.0,0.25,0.5,2.5
40,0.04819642450837862,0.0038440391266097627,0.07038535824782836,0.00833547908117301,0.06372867812599343,success,10.0,0.3,0.5,2.5
53,0.048459899567422415,0.003801660213087286,0.07300330949753213,0.008968174431174702,0.06564028651849921,success,10.0,0.35,0.6,3.0
59,0.04793088049406097,0.0037720995245590096,0.07404406021426742,0.008137211258144816,0.06621010629820548,success,14.0,0.25,0.5,3.0
52,0.05622749757908639,0.005214285593302477,0.0748008491160969,0.008288911563946991,0.06922884365499374,success,10.0,0.35,0.6,2.5
26,0.05181265267587844,0.004401845935111244,0.07989432635561873,0.01005215076050566,0.07146982425169664,success,6.0,0.35,0.6,3.0
25,0.06419636575239045,0.00677675006556369,0.08014662035081226,0.01038322588980615,0.07536154397128571,success,6.0,0.35,0.6,2.5
23,0.060916329423586525,0.006036986630143864,0.08534009481081739,0.012660821045756165,0.07801296519464812,success,6.0,0.35,0.5,3.0
16,0.0723153528358255,0.008629558097925923,0.08240236052855228,0.010931207439474141,0.07937625822073424,success,6.0,0.3,0.6,2.5
60,0.07309852221182414,0.008806035654353244,0.0960012551707526,0.013279673359647859,0.08913043528307404,success,14.0,0.25,0.5,3.5
7,0.08414405548856371,0.01153100605699278,0.09317706723231822,0.01230662694433704,0.09046716370919188,success,6.0,0.25,0.6,2.5
34,0.076091135541598,0.009174414644283908,0.10220336991672714,0.014891205873330668,0.0943696996041884,success,10.0,0.25,0.6,2.5
31,0.08391296366850536,0.011271545619127295,0.10708902776241302,0.019008879848115612,0.10013620853424071,success,10.0,0.25,0.5,2.5
18,0.09521482494615373,0.014701342520614466,0.10884103233305116,0.018584892924991436,0.10475317011698193,success,6.0,0.3,0.6,3.5
9,0.09263865365868523,0.014352111899781795,0.11406704719411209,0.02211511871428229,0.10763852913348403,success,6.0,0.25,0.6,3.5
54,0.09059703066235497,0.013128790383537611,0.11644587493113552,0.022012975708397182,0.10869122165050135,success,10.0,0.35,0.6,3.5
6,0.10564365734656651,0.01917422655969858,0.11439804484446843,0.02059400781945442,0.11177172859509785,success,6.0,0.25,0.5,3.5
35,0.08043106574387777,0.010483314593633017,0.12563925131689757,0.022063077165512368,0.11207679564499162,success,10.0,0.25,0.6,3.0
36,0.09308584921416782,0.013880235231703236,0.12487335683545098,0.023173852442899563,0.11533710454906602,success,10.0,0.25,0.6,3.5
61,0.09899213377918516,0.01610159496998503,0.12972153862938285,0.02545789835130563,0.12050271717432354,success,14.0,0.25,0.6,2.5
45,0.1100285645751726,0.019464577149067606,0.15537060626472035,0.0391221312796309,0.141767993757856,success,10.0,0.3,0.6,3.5
63,0.1275339452993302,0.02582848488929726,0.16083874394826125,0.03827823271831221,0.15084730435358193,success,14.0,0.25,0.6,3.5
43,0.1184552347376233,0.022439429802553996,0.16578236299877366,0.04010804203183701,0.15158422452042855,success,10.0,0.3,0.6,2.5
62,0.10718874562354315,0.01861759993646826,0.17563798177676895,0.04662890917582748,0.1551032109308012,success,14.0,0.25,0.6,3.0
44,0.12405934291226524,0.024176567881589846,0.17106195302524915,0.04135220743773971,0.15696116999135395,success,10.0,0.3,0.6,3.0
